,医生姓名,个人网站
0,李斐,http://dflifei.haodf.com/zixun/list.htm
1,贾美香,http://drjiameixiang.haodf.com/zixun/list.htm
2,顾伯美,http://gubomei.haodf.com/zixun/list.htm
3,石萍,http://dfshiping.haodf.com/zixun/list.htm
4,焦公凯,http://jiaogongkai.haodf.com/zixun/list.htm
5,王瑜,http://wangyurain.haodf.com/zixun/list.htm
6,匡桂芳,http://kuangguifang.haodf.com/zixun/list.htm
7,刘靖,http://dfliujing.haodf.com/zixun/list.htm
8,柯晓燕,http://kexiaoyan.haodf.com/zixun/list.htm
9,贾飞勇,http://drjiafeiyong.haodf.com/zixun/list.htm
10,邹丽萍,http://zouliping21.haodf.com/zixun/list.htm
11,徐秀,http://drxuxiu.haodf.com/zixun/list.htm
12,崔永华,http://drcyh.haodf.com/zixun/list.htm
13,李贤英,http://lixianying.haodf.com/zixun/list.htm
14,刘春阳,http://drlcy.haodf.com/zixun/list.htm
15,郭海燕,http://drguohaiyan.haodf.com/zixun/list.htm
16,陆小彦,http://lxy6606.haodf.com/zixun/list.htm
17,周家秀,http://drzhoujiaxiu.haodf.com/zixun/list.htm
18,邹冰,http://zoubing.haodf.com/zixun/list.htm
19,赵亚茹,http://drzhaoyaru.haodf.com/zixun/list.htm
20,杨欣伟,http://yangxinwei1965.haodf.com/zixun/list.htm
21,徐海青,http://doctorxu.haodf.com/zixun/list.htm
22,杨小凡,http://yangxiaofandr.haodf.com/zixun/list.htm
23,方拴锋,http://drfangshuanfeng.haodf.com/zixun/list.htm
24,侯梅,http://houmei.haodf.com/zixun/list.htm
25,杨志伟,http://yangzhiweidr.haodf.com/zixun/list.htm
26,金星明,http://drjinxingming.haodf.com/zixun/list.htm
27,段桂琴,http://hydgq.haodf.com/zixun/list.htm
28,万纯,http://ycwanchun.haodf.com/zixun/list.htm
29,张纪水,http://drzhangjishui.haodf.com/zixun/list.htm
30,杨思渊,http://dryangsiyuan.haodf.com/zixun/list.htm
31,周甄会,http://zhouzhenhuidr.haodf.com/zixun/list.htm
32,张凤玲,http://zhangfengling.haodf.com/zixun/list.htm
33,刘京媛,http://liujingyuan.haodf.com/zixun/list.htm
34,王艳霞,http://wangyx2012.haodf.com/zixun/list.htm
35,罗小年,http://luoxiaonian.haodf.com/zixun/list.htm
36,贾军朴,http://jiajunpu.haodf.com/zixun/list.htm
37,王俊宏,http://wangjunhomg.haodf.com/zixun/list.htm
38,陈社菊,http://chensheju.haodf.com/zixun/list.htm
39,冯雪英,http://fengxueying2010.haodf.com/zixun/list.htm
40,李静,http://dflijing.haodf.com/zixun/list.htm
41,王跑球,http://wangpaoqiu.haodf.com/zixun/list.htm
42,程道猛,http://dchengdm.haodf.com/zixun/list.htm
43,孙仲礼,http://sunzhli.haodf.com/zixun/list.htm
44,何鸣,http://minghemd.haodf.com/zixun/list.htm
45,陈娟,http://chj2006497.haodf.com/zixun/list.htm
46,黄盛宇,http://huangshengyu.haodf.com/zixun/list.htm
47,夏泳,http://drxiayong.haodf.com/zixun/list.htm
48,席盾,http://xidun.haodf.com/zixun/list.htm
49,刘秀梅,http://liuxiumei0615.haodf.com/zixun/list.htm
50,梁颖慧,http://liangyinghuidr.haodf.com/zixun/list.htm
51,李红,http://lihongetkf.haodf.com/zixun/list.htm
52,戚元丽,http://qiyuanli.haodf.com/zixun/list.htm
53,李宗起,http://lizq126.haodf.com/zixun/list.htm
54,李明,http://limingqd.haodf.com/zixun/list.htm
55,杨光,http://yangguang301.haodf.com/zixun/list.htm
56,黄广文,http://hgw193.haodf.com/zixun/list.htm
57,罗元芝,http://lyz9938.haodf.com/zixun/list.htm
58,胡静,http://hujingyisheng.haodf.com/zixun/list.htm
59,朱萍,http://zhupingdr.haodf.com/zixun/list.htm
60,于娟,http://yujuandr.haodf.com/zixun/list.htm
61,朱晓华,http://zhuxiaohuadr.haodf.com/zixun/list.htm
62,吴至凤,http://wuzhifengvip.haodf.com/zixun/list.htm
63,王玉凤,http://drwangyufeng.haodf.com/zixun/list.htm
64,张勤良,http://zqldr.haodf.com/zixun/list.htm
65,邵智,http://etbjsz.haodf.com/zixun/list.htm
66,郑朝光,http://zhengchaoguang.haodf.com/zixun/list.htm
67,陈帅,http://cslook0001.haodf.com/zixun/list.htm
68,徐宁安,http://xuningan.haodf.com/zixun/list.htm
69,郑艳,http://zhengyan6212.haodf.com/zixun/list.htm
70,汪萍,http://pingwang123.haodf.com/zixun/list.htm
71,任永平,http://renyongping.haodf.com/zixun/list.htm
72,王艳波,http://wangyanbodr.haodf.com/zixun/list.htm
73,刘华清,http://liuhuaqing99.haodf.com/zixun/list.htm
74,高燕勤,http://gaoyanqin1956.haodf.com/zixun/list.htm
75,肖侠明,http://drxiaoxiaming.haodf.com/zixun/list.htm
76,陈彦平,http://chenypdr.haodf.com/zixun/list.htm
77,郭岚敏,http://guolanmin.haodf.com/zixun/list.htm
78,张婕,http://mayzhangjie.haodf.com/zixun/list.htm
79,梁亚勇,http://liangyayongdf.haodf.com/zixun/list.htm
80,宾铿,http://binkeng.haodf.com/zixun/list.htm
81,杨斌让,http://dryangbinrang.haodf.com/zixun/list.htm
82,唐久来,http://tangjiulai8888.haodf.com/zixun/list.htm
83,杜亚松,http://drduyasong.haodf.com/zixun/list.htm
84,常燕群,http://changyanqun.haodf.com/zixun/list.htm
85,易爱文,http://yiaiwen.haodf.com/zixun/list.htm
86,吴宝铮,http://wubaozheng.haodf.com/zixun/list.htm
87,孙克兴,http://sunkexing.haodf.com/zixun/list.htm
88,贾天明,http://jiatianming.haodf.com/zixun/list.htm
89,张悦秋,http://ZHANGYUEQIU11.haodf.com/zixun/list.htm
90,汪玲华,http://drwanglinghua.haodf.com/zixun/list.htm
91,任艳玲,http://renyanl.haodf.com/zixun/list.htm
92,施灵敏,http://slmwz.haodf.com/zixun/list.htm
93,姜玉武,http://drjiang.haodf.com/zixun/list.htm
94,张原华,http://zhangyuanhua.haodf.com/zixun/list.htm
95,曾海辉,http://zenghh325.haodf.com/zixun/list.htm
96,殷青云,http://yinqingyun.haodf.com/zixun/list.htm
97,钟意娟,http://zhongyijuan.haodf.com/zixun/list.htm
98,罗向阳,http://luoxiangyang.haodf.com/zixun/list.htm
99,杨勤,http://Yanhqin5701.haodf.com/zixun/list.htm
100,姜志梅,http://mynard9393.haodf.com/zixun/list.htm
101,姚梅玲,http://yaomeiling2006.haodf.com/zixun/list.htm
102,赵冬梅,http://jnzhaodongmei.haodf.com/zixun/list.htm
103,包新华,http://baoxinhua.haodf.com/zixun/list.htm
104,苏林雁,http://drsulinyan.haodf.com/zixun/list.htm
105,靳彦琴,http://jinyanqindr.haodf.com/zixun/list.htm
106,颜华,http://yanhua2008.haodf.com/zixun/list.htm
107,王如蜜,http://kimwang922.haodf.com/zixun/list.htm
108,朱晓茜,http://zhuxiaoxi.haodf.com/zixun/list.htm
109,张久平,http://zhangjiuping.haodf.com/zixun/list.htm
110,孟馥,http://mengfu.haodf.com/zixun/list.htm
111,王晓慧,http://drwangxiaohui.haodf.com/zixun/list.htm
112,钱秋谨,http://drqianqiujin.haodf.com/zixun/list.htm
113,高鸿云,http://drgaohongyun.haodf.com/zixun/list.htm
114,刘灵,http://liuling646689.haodf.com/zixun/list.htm
115,杨辉,http://huiyang64.haodf.com/zixun/list.htm
116,宋风玲,http://fenglingsong.haodf.com/zixun/list.htm
117,吴强,http://wq2033.haodf.com/zixun/list.htm
118,焦鸿云,http://jiaohongyun.haodf.com/zixun/list.htm
119,朱迎春,http://sillyzhuzhu.haodf.com/zixun/list.htm
120,麦坚凝,http://maijianning.haodf.com/zixun/list.htm
121,李建英,http://lijianyingdf.haodf.com/zixun/list.htm
122,刘淑华,http://liushuhua000000.haodf.com/zixun/list.htm
123,吕洋,http://ly0664.haodf.com/zixun/list.htm
124,章依文,http://zhangyiwendr.haodf.com/zixun/list.htm
125,杨福收,http://yangfushou.haodf.com/zixun/list.htm
126,占世坤,http://zhanshikun.haodf.com/zixun/list.htm
127,陈艳妮,http://chenyannichil.haodf.com/zixun/list.htm
128,林俊,http://drlinjun.haodf.com/zixun/list.htm
129,麻宏伟,http://drmahongwei.haodf.com/zixun/list.htm
130,程文红,http://Chengwhb.haodf.com/zixun/list.htm
131,陈琅,http://chenlang11.haodf.com/zixun/list.htm
132,于情,http://yuqing126com.haodf.com/zixun/list.htm
133,肖农,http://cqxiaonong.haodf.com/zixun/list.htm
134,马丹,http://madandr.haodf.com/zixun/list.htm
135,沈莉莉,http://shenglili1999.haodf.com/zixun/list.htm
136,张艳卿,http://jnzhyq.haodf.com/zixun/list.htm
137,刘星宇,http://shiry2904.haodf.com/zixun/list.htm
138,张金桥,http://shengbaolu.haodf.com/zixun/list.htm
139,方方,http://drfangfang.haodf.com/zixun/list.htm
140,林颖,http://linying1790.haodf.com/zixun/list.htm
141,刘永翼,http://liuyy2249.haodf.com/zixun/list.htm
142,余金龙,http://abc1123.haodf.com/zixun/list.htm
143,周正,http://zhouzheng1.haodf.com/zixun/list.htm
144,张劲松,http://drzjs.haodf.com/zixun/list.htm
145,钟建民,http://zhongjm.haodf.com/zixun/list.htm
146,林义雯,http://hnetyylyw405.haodf.com/zixun/list.htm
147,孙凌,http://tjsunling.haodf.com/zixun/list.htm
